{
    "dataRequest": [
        {
            "requestContext": {
                "reportContext": {
                    "reportId": "731713b6-a3c4-4766-ab9d-a6502a4e7dd6",
                    "pageId": "31081294",
                    "mode": 1,
                    "componentId": "cd-l51h0v0bjc",
                    "displayType": "simple-barchart"
                }
            },
            "datasetSpec": {
                "dataset": [
                    {
                        "datasourceId": "05bbf5e6-7c84-45c4-9028-e8fe8de09357",
                        "revisionNumber": 0,
                        "parameterOverrides": []
                    }
                ],
                "queryFields": [
                    {
                        "name": "qt_zl0h0v0bjc",
                        "datasetNs": "d0",
                        "tableNs": "t0",
                        "dataTransformation": {
                            "sourceFieldName": "_arrive_at_transporter_",
                            "transformationConfig": {
                                "transformationType": 5
                            }
                        }
                    },
                    {
                        "name": "qt_odjf1y0bjc",
                        "datasetNs": "d0",
                        "tableNs": "t0",
                        "dataTransformation": {
                            "sourceFieldName": "_vaccine_name_"
                        }
                    },
                    {
                        "name": "qt_sd1h0v0bjc",
                        "datasetNs": "d0",
                        "tableNs": "t0",
                        "dataTransformation": {
                            "sourceFieldName": "_quantity_",
                            "aggregation": 6
                        }
                    }
                ],
                "sortData": [
                    {
                        "sortColumn": {
                            "name": "qt_zl0h0v0bjc",
                            "datasetNs": "d0",
                            "tableNs": "t0",
                            "dataTransformation": {
                                "sourceFieldName": "_arrive_at_transporter_",
                                "transformationConfig": {
                                    "transformationType": 5
                                }
                            }
                        },
                        "sortDir": 0
                    }
                ],
                "includeRowsCount": false,
                "filters": [
                ],
                "features": [],
                "dateRanges": [],
                "contextNsCount": 1,
                "calculatedField": [],
                "needGeocoding": false,
                "geoFieldMask": [],
                "geoVertices": 100000
            },
            "useDataColumn": true
        }
    ]
}