{
    "dataRequest": [
        {
            "requestContext": {
                "reportContext": {
                    "reportId": "731713b6-a3c4-4766-ab9d-a6502a4e7dd6",
                    "pageId": "33037739",
                    "mode": 1,
                    "componentId": "cd-8me2cc9kkc",
                    "displayType": "simple-barchart"
                }
            },
            "datasetSpec": {
                "dataset": [
                    {
                        "datasourceId": "be20cc44-8f07-40e9-a197-6803fe40ce87",
                        "revisionNumber": 0,
                        "parameterOverrides": []
                    }
                ],
                "queryFields": [
                    {
                        "name": "qt_3g0rrc9kkc",
                        "datasetNs": "d0",
                        "tableNs": "t0",
                        "dataTransformation": {
                            "sourceFieldName": "_vaccinated_on_",
                            "transformationConfig": {
                                "transformationType": 5
                            }
                        }
                    },
                    {
                        "name": "qt_09asrc9kkc",
                        "datasetNs": "d0",
                        "tableNs": "t0",
                        "dataTransformation": {
                            "sourceFieldName": "_manuf_name_"
                        }
                    },
                    {
                        "name": "qt_wg0rrc9kkc",
                        "datasetNs": "d0",
                        "tableNs": "t0",
                        "dataTransformation": {
                            "sourceFieldName": "datastudio_record_count_system_field_id_98323387"
                        }
                    }
                ],
                "sortData": [
                    {
                        "sortColumn": {
                            "name": "qt_3g0rrc9kkc",
                            "datasetNs": "d0",
                            "tableNs": "t0",
                            "dataTransformation": {
                                "sourceFieldName": "_vaccinated_on_",
                                "transformationConfig": {
                                    "transformationType": 5
                                }
                            }
                        },
                        "sortDir": 0
                    }
                ],
                "includeRowsCount": false,
                "filters": [
                    {
                        "filterDefinition": {
                            "filterExpression": {
                                "include": true,
                                "conceptType": 0,
                                "concept": {
                                    "ns": "t0",
                                    "name": "qt_kraj088kkc"
                                },
                                "filterConditionType": "IN",
                                "stringValues": [
                                    "Sinovac Life Sciences",
                                    "AstraZeneca",
                                    "Sinopharm"
                                ],
                                "numberValues": [],
                                "queryTimeTransformation": {
                                    "dataTransformation": {
                                        "sourceFieldName": "_manuf_name_"
                                    }
                                }
                            }
                        },
                        "dataSubsetNs": {
                            "datasetNs": "d0",
                            "tableNs": "t0",
                            "contextNs": "c0"
                        },
                        "version": 3
                    },
                    {
                        "filterDefinition": {
                            "filterExpression": {
                                "include": true,
                                "conceptType": 0,
                                "concept": {
                                    "name": "qt_tf5sjc9kkc",
                                    "ns": "t0"
                                },
                                "queryTimeTransformation": {
                                    "dataTransformation": {
                                        "sourceFieldName": "_hospital_province_code_"
                                    },
                                    "displayTransformation": {
                                        "displayName": "Province"
                                    }
                                },
                                "filterConditionType": "IN",
                                "stringValues": [
                                    "TH-10"
                                ]
                            }
                        },
                        "dataSubsetNs": {
                            "datasetNs": "d0",
                            "tableNs": "t0",
                            "contextNs": "c0"
                        },
                        "version": 3
                    },
                    {
                        "filterDefinition": {
                            "filterExpression": {
                                "include": true,
                                "conceptType": 0,
                                "concept": {
                                    "name": "qt_09asrc9kkc",
                                    "ns": "t0"
                                },
                                "queryTimeTransformation": {
                                    "dataTransformation": {
                                        "sourceFieldName": "_manuf_name_"
                                    }
                                },
                                "filterConditionType": "IN",
                                "stringValues": [
                                    "Sinovac Life Sciences",
                                    "AstraZeneca",
                                    "Sinopharm"
                                ]
                            }
                        },
                        "dataSubsetNs": {
                            "datasetNs": "d0",
                            "tableNs": "t0",
                            "contextNs": "c0"
                        },
                        "version": 3
                    }
                ],
                "features": [],
                "dateRanges": [],
                "contextNsCount": 1,
                "dateRangeDimensions": [
                    {
                        "name": "qt_0tcsrc9kkc",
                        "datasetNs": "d0",
                        "tableNs": "t0",
                        "dataTransformation": {
                            "sourceFieldName": "_vaccinated_on_"
                        }
                    }
                ],
                "calculatedField": [],
                "needGeocoding": false,
                "geoFieldMask": [],
                "geoVertices": 100000
            },
            "useDataColumn": true
        }
    ]
}